Cluster,Cases,Deaths,GDP,Population,Population Density,Urban Population,Rural Population,Life Expectancy,Median Age,Smokers,Population over 60 years,Hospital Beds/1000,Healthcare Expenditure per capita,Access to Sanitation Facilities,GDP/Capita,Cases/1000,Deaths/1000,Mortality,Cases Daily Growth Rate,Deaths Daily Growth Rate
0,2080.5866666666666,74.92,426089805866.6668,35950492.68469697,717.214496969697,55.27504000000002,44.35334666666669,72.34404678362571,28.183132149901382,20.688815920398,10.68738540433925,2.8242805394990373,788.7566976744184,70.51731200000002,14347.11897020603,0.45488538089432673,0.005376238237044349,1.1739540203954764,10.097249356675073,3.0627233208464912
1,23516.40506329114,1256.493670886076,741869836238.698,58084521.39736767,122.1644879171462,66.13947197106692,33.568799276672685,75.47013102376194,33.116305894689525,22.56032495749102,16.00684443112876,3.153166020340968,1457.9747497792166,80.96806220614828,19502.817172135536,0.807431723462298,0.0343721455079083,3.6019455265205322,16.840045247834624,14.310671447170247
2,18844.206896551725,2485.7241379310344,348453103448.2759,22826682.75862069,167.83310344827584,55.61034482758621,44.11620689655171,73.27035692679976,28.696347684146097,19.485023160061754,12.432770863089162,2.4068965517241376,1098.9172413793103,73.97586206896553,13625.966683213668,0.9602674795684149,0.10319651070998986,11.100623089666595,11.038628985198308,8.893342737510817
